{"cameraMode":{"drawMode":0,"name":"Shaded","section":"Shading Mode"},"sceneLighting":true,"audioPlay":false,"sceneViewState":{"m_AlwaysRefresh":false,"showFog":true,"showSkybox":true,"showFlares":true,"showImageEffects":true,"showParticleSystems":true,"showVisualEffectGraphs":true,"m_FxEnabled":true},"in2DMode":false,"pivot":{"x":-23.219539642333986,"y":32.529666900634769,"z":89.30955505371094},"rotation":{"x":0.08413787186145783,"y":-0.9122453927993774,"z":0.23761160671710969,"w":0.3229907751083374},"size":6.443784236907959,"orthographic":false}